<?xml version="1.0" encoding="UTF-8" standalone="yes"?>
<addon id="addonname" name="wizardname" version="1.0.0" provider-name="providername">
  <requires>
    <import addon="xbmc.python" version="2.1.0"/>
	<import addon="script.module.addon.common" />
  </requires>
  <extension point="xbmc.python.pluginsource" library="default.py">
        <provides>executable</provides>
  </extension>
  <extension point="xbmc.addon.metadata">
    <summary lang="en"></summary>
    <description lang="en">providername</description>
    <platform>all</platform>
  </extension>
</addon>
