<?xml version="1.0" encoding="UTF-8" standalone="yes"?>
<addon id="repository.mkiv" name="MK-IV Repository" version="1.0" provider-name="CamC">
	<extension point="xbmc.addon.repository" name="MK-IV Repository">
		<info compressed="false">http://mkiv.netne.net/repository.mkiv/Plugins/addons.xml</info>
		<checksum>http://mkiv.netne.net/repository.mkiv/Plugins/addons.xml.md5</checksum>
		<datadir zip="true">http://mkiv.netne.net/repository.mkiv/Plugins/</datadir>
	</extension>
	<extension point="xbmc.addon.metadata">
		<summary>MK-IV</summary>
		<description>MK-IV Repository</description>
		<platform>all</platform>
	</extension>
</addon>

