<?xml version="1.0" encoding="UTF-8" standalone="yes"?>
<addon id="plugin.program.mkiv-installer" name="MK-IV Wizard Installer" version="1.0.0" provider-name="CamC">
  <requires>
    <import addon="xbmc.python" version="2.23.0"/>
	<import addon="script.module.addon.common" />
    <import addon="plugin.video.youtube"  optional="true"/>
    <import addon="script.module.requests" version="2.9.1" optional="true"/>
  </requires>
  <extension point="xbmc.python.pluginsource" library="installer.py">
        <provides>executable</provides>
  </extension>
  <extension point="xbmc.service" library="service.py" start="startup" />
  <extension point="xbmc.addon.metadata">
    <summary lang="en">A workaround to speed up MK-IV Wizard Installation time</summary>
    <description lang="en">The files for this installer have already been removed. This and the icon are being shown from a database entry which will be removed on the next media center start.</description>
    <platform>all</platform>
    </extension>
</addon>
