<?xml version="1.0" encoding="UTF-8" standalone="yes"?>
<addon id="plugin.program.webslinger-master" name="Web Slinger" version="1.0.0" provider-name="[COLOR deepskyblue][B]CamC[/B][/COLOR]">
  <requires>
    <import addon="xbmc.python" version="2.1.0"/>
	<import addon="script.module.addon.common" />
  </requires>
  <extension point="xbmc.python.pluginsource" library="default.py">
        <provides>executable</provides>
  </extension>
  <extension point="xbmc.addon.metadata">
    <summary lang="en">A program to launch external web pages.</summary>
    <description lang="en">A program to launch external web pages.</description>
    <platform>all</platform>
  </extension>
</addon>
